filepath,label
data\iwildcam_v2.0\extracted\train\869dfe7c-21bc-11ea-a13a-137349068a90.jpg,0
data\iwildcam_v2.0\extracted\train\869ff22c-21bc-11ea-a13a-137349068a90.jpg,5
data\iwildcam_v2.0\extracted\train\86a1e316-21bc-11ea-a13a-137349068a90.jpg,0
data\iwildcam_v2.0\extracted\train\86a353b8-21bc-11ea-a13a-137349068a90.jpg,8
data\iwildcam_v2.0\extracted\train\86a841a2-21bc-11ea-a13a-137349068a90.jpg,8
data\iwildcam_v2.0\extracted\train\86c35fb4-21bc-11ea-a13a-137349068a90.jpg,0
data\iwildcam_v2.0\extracted\train\86c8ac9e-21bc-11ea-a13a-137349068a90.jpg,0
data\iwildcam_v2.0\extracted\train\86cf632c-21bc-11ea-a13a-137349068a90.jpg,0
data\iwildcam_v2.0\extracted\train\86fbac8e-21bc-11ea-a13a-137349068a90.jpg,0
data\iwildcam_v2.0\extracted\train\86fe777a-21bc-11ea-a13a-137349068a90.jpg,0
data\iwildcam_v2.0\extracted\train\86fff8c0-21bc-11ea-a13a-137349068a90.jpg,0
data\iwildcam_v2.0\extracted\train\870ffd06-21bc-11ea-a13a-137349068a90.jpg,0
data\iwildcam_v2.0\extracted\train\872b383c-21bc-11ea-a13a-137349068a90.jpg,0
data\iwildcam_v2.0\extracted\train\873058f8-21bc-11ea-a13a-137349068a90.jpg,0
data\iwildcam_v2.0\extracted\train\8736dff2-21bc-11ea-a13a-137349068a90.jpg,0
data\iwildcam_v2.0\extracted\train\8739297e-21bc-11ea-a13a-137349068a90.jpg,0
data\iwildcam_v2.0\extracted\train\874791bc-21bc-11ea-a13a-137349068a90.jpg,0
data\iwildcam_v2.0\extracted\train\874853b8-21bc-11ea-a13a-137349068a90.jpg,7
data\iwildcam_v2.0\extracted\train\87590bb8-21bc-11ea-a13a-137349068a90.jpg,0
data\iwildcam_v2.0\extracted\train\875d6758-21bc-11ea-a13a-137349068a90.jpg,0
data\iwildcam_v2.0\extracted\train\875ef370-21bc-11ea-a13a-137349068a90.jpg,0
data\iwildcam_v2.0\extracted\train\876514d0-21bc-11ea-a13a-137349068a90.jpg,2
data\iwildcam_v2.0\extracted\train\87690266-21bc-11ea-a13a-137349068a90.jpg,2
data\iwildcam_v2.0\extracted\train\876b42ce-21bc-11ea-a13a-137349068a90.jpg,0
data\iwildcam_v2.0\extracted\train\877d460e-21bc-11ea-a13a-137349068a90.jpg,6
data\iwildcam_v2.0\extracted\train\878481da-21bc-11ea-a13a-137349068a90.jpg,0
data\iwildcam_v2.0\extracted\train\879329ce-21bc-11ea-a13a-137349068a90.jpg,2
data\iwildcam_v2.0\extracted\train\87a2002a-21bc-11ea-a13a-137349068a90.jpg,4
data\iwildcam_v2.0\extracted\train\87a7e77e-21bc-11ea-a13a-137349068a90.jpg,0
data\iwildcam_v2.0\extracted\train\87ac714a-21bc-11ea-a13a-137349068a90.jpg,4
data\iwildcam_v2.0\extracted\train\87b1280c-21bc-11ea-a13a-137349068a90.jpg,4
data\iwildcam_v2.0\extracted\train\87b84c90-21bc-11ea-a13a-137349068a90.jpg,0
data\iwildcam_v2.0\extracted\train\87b9b9e0-21bc-11ea-a13a-137349068a90.jpg,2
data\iwildcam_v2.0\extracted\train\87c50d2c-21bc-11ea-a13a-137349068a90.jpg,0
data\iwildcam_v2.0\extracted\train\87c75f46-21bc-11ea-a13a-137349068a90.jpg,0
data\iwildcam_v2.0\extracted\train\87c7aa0a-21bc-11ea-a13a-137349068a90.jpg,0
data\iwildcam_v2.0\extracted\train\87e3b59c-21bc-11ea-a13a-137349068a90.jpg,0
data\iwildcam_v2.0\extracted\train\87e99d5e-21bc-11ea-a13a-137349068a90.jpg,0
data\iwildcam_v2.0\extracted\train\87ea5942-21bc-11ea-a13a-137349068a90.jpg,0
data\iwildcam_v2.0\extracted\train\87ed5606-21bc-11ea-a13a-137349068a90.jpg,4
data\iwildcam_v2.0\extracted\train\87f06fe4-21bc-11ea-a13a-137349068a90.jpg,0
data\iwildcam_v2.0\extracted\train\87f30934-21bc-11ea-a13a-137349068a90.jpg,1
data\iwildcam_v2.0\extracted\train\87f73644-21bc-11ea-a13a-137349068a90.jpg,0
data\iwildcam_v2.0\extracted\train\87fb2dbc-21bc-11ea-a13a-137349068a90.jpg,0
data\iwildcam_v2.0\extracted\train\87fe23a0-21bc-11ea-a13a-137349068a90.jpg,0
data\iwildcam_v2.0\extracted\train\87ff5cfc-21bc-11ea-a13a-137349068a90.jpg,9
data\iwildcam_v2.0\extracted\train\88029f84-21bc-11ea-a13a-137349068a90.jpg,2
data\iwildcam_v2.0\extracted\train\88074b10-21bc-11ea-a13a-137349068a90.jpg,9
data\iwildcam_v2.0\extracted\train\8817b568-21bc-11ea-a13a-137349068a90.jpg,0
data\iwildcam_v2.0\extracted\train\881a4cd8-21bc-11ea-a13a-137349068a90.jpg,1
data\iwildcam_v2.0\extracted\train\8821f668-21bc-11ea-a13a-137349068a90.jpg,0
data\iwildcam_v2.0\extracted\train\8825c176-21bc-11ea-a13a-137349068a90.jpg,0
data\iwildcam_v2.0\extracted\train\882dd5dc-21bc-11ea-a13a-137349068a90.jpg,6
data\iwildcam_v2.0\extracted\train\883e0772-21bc-11ea-a13a-137349068a90.jpg,0
data\iwildcam_v2.0\extracted\train\8840f090-21bc-11ea-a13a-137349068a90.jpg,0
data\iwildcam_v2.0\extracted\train\884202a0-21bc-11ea-a13a-137349068a90.jpg,10
data\iwildcam_v2.0\extracted\train\884338d2-21bc-11ea-a13a-137349068a90.jpg,4
data\iwildcam_v2.0\extracted\train\8850bfa2-21bc-11ea-a13a-137349068a90.jpg,0
data\iwildcam_v2.0\extracted\train\885d0d84-21bc-11ea-a13a-137349068a90.jpg,0
data\iwildcam_v2.0\extracted\train\8860229e-21bc-11ea-a13a-137349068a90.jpg,0
data\iwildcam_v2.0\extracted\train\8871069a-21bc-11ea-a13a-137349068a90.jpg,8
data\iwildcam_v2.0\extracted\train\8877d4ca-21bc-11ea-a13a-137349068a90.jpg,0
data\iwildcam_v2.0\extracted\train\887cf00e-21bc-11ea-a13a-137349068a90.jpg,0
data\iwildcam_v2.0\extracted\train\88832b68-21bc-11ea-a13a-137349068a90.jpg,4
data\iwildcam_v2.0\extracted\train\88925df4-21bc-11ea-a13a-137349068a90.jpg,8
data\iwildcam_v2.0\extracted\train\889f345c-21bc-11ea-a13a-137349068a90.jpg,0
data\iwildcam_v2.0\extracted\train\88a977be-21bc-11ea-a13a-137349068a90.jpg,5
data\iwildcam_v2.0\extracted\train\88b6c144-21bc-11ea-a13a-137349068a90.jpg,9
data\iwildcam_v2.0\extracted\train\88be198a-21bc-11ea-a13a-137349068a90.jpg,2
data\iwildcam_v2.0\extracted\train\88beccd6-21bc-11ea-a13a-137349068a90.jpg,1
data\iwildcam_v2.0\extracted\train\88c5ddaa-21bc-11ea-a13a-137349068a90.jpg,0
data\iwildcam_v2.0\extracted\train\88c62904-21bc-11ea-a13a-137349068a90.jpg,0
data\iwildcam_v2.0\extracted\train\88c8ad32-21bc-11ea-a13a-137349068a90.jpg,0
data\iwildcam_v2.0\extracted\train\88ce31a8-21bc-11ea-a13a-137349068a90.jpg,4
data\iwildcam_v2.0\extracted\train\88d1186e-21bc-11ea-a13a-137349068a90.jpg,1
data\iwildcam_v2.0\extracted\train\88e51f12-21bc-11ea-a13a-137349068a90.jpg,0
data\iwildcam_v2.0\extracted\train\88ee4e70-21bc-11ea-a13a-137349068a90.jpg,0
data\iwildcam_v2.0\extracted\train\88f264ba-21bc-11ea-a13a-137349068a90.jpg,0
data\iwildcam_v2.0\extracted\train\88f692ec-21bc-11ea-a13a-137349068a90.jpg,0
data\iwildcam_v2.0\extracted\train\88fec692-21bc-11ea-a13a-137349068a90.jpg,0
data\iwildcam_v2.0\extracted\train\88ff4ea0-21bc-11ea-a13a-137349068a90.jpg,0
data\iwildcam_v2.0\extracted\train\8901921e-21bc-11ea-a13a-137349068a90.jpg,0
data\iwildcam_v2.0\extracted\train\8905a7fa-21bc-11ea-a13a-137349068a90.jpg,0
data\iwildcam_v2.0\extracted\train\8905e2f6-21bc-11ea-a13a-137349068a90.jpg,10
data\iwildcam_v2.0\extracted\train\890bdcc4-21bc-11ea-a13a-137349068a90.jpg,0
data\iwildcam_v2.0\extracted\train\8913468a-21bc-11ea-a13a-137349068a90.jpg,0
data\iwildcam_v2.0\extracted\train\89161a54-21bc-11ea-a13a-137349068a90.jpg,0
data\iwildcam_v2.0\extracted\train\891ce14a-21bc-11ea-a13a-137349068a90.jpg,9
data\iwildcam_v2.0\extracted\train\891e3892-21bc-11ea-a13a-137349068a90.jpg,0
data\iwildcam_v2.0\extracted\train\891e67c2-21bc-11ea-a13a-137349068a90.jpg,0
data\iwildcam_v2.0\extracted\train\892cb84a-21bc-11ea-a13a-137349068a90.jpg,0
data\iwildcam_v2.0\extracted\train\892ce2fc-21bc-11ea-a13a-137349068a90.jpg,0
data\iwildcam_v2.0\extracted\train\892d08a4-21bc-11ea-a13a-137349068a90.jpg,3
data\iwildcam_v2.0\extracted\train\8931b6d8-21bc-11ea-a13a-137349068a90.jpg,2
data\iwildcam_v2.0\extracted\train\893248f0-21bc-11ea-a13a-137349068a90.jpg,6
data\iwildcam_v2.0\extracted\train\893b641c-21bc-11ea-a13a-137349068a90.jpg,10
data\iwildcam_v2.0\extracted\train\89427f90-21bc-11ea-a13a-137349068a90.jpg,0
data\iwildcam_v2.0\extracted\train\89452344-21bc-11ea-a13a-137349068a90.jpg,0
data\iwildcam_v2.0\extracted\train\894ba8b8-21bc-11ea-a13a-137349068a90.jpg,0
data\iwildcam_v2.0\extracted\train\895d211a-21bc-11ea-a13a-137349068a90.jpg,2
data\iwildcam_v2.0\extracted\train\89659e6c-21bc-11ea-a13a-137349068a90.jpg,0
data\iwildcam_v2.0\extracted\train\89679988-21bc-11ea-a13a-137349068a90.jpg,6
data\iwildcam_v2.0\extracted\train\897ba55e-21bc-11ea-a13a-137349068a90.jpg,0
data\iwildcam_v2.0\extracted\train\897f81a6-21bc-11ea-a13a-137349068a90.jpg,0
data\iwildcam_v2.0\extracted\train\897f8958-21bc-11ea-a13a-137349068a90.jpg,10
data\iwildcam_v2.0\extracted\train\897fbdba-21bc-11ea-a13a-137349068a90.jpg,2
data\iwildcam_v2.0\extracted\train\89816160-21bc-11ea-a13a-137349068a90.jpg,0
data\iwildcam_v2.0\extracted\train\8993dbe2-21bc-11ea-a13a-137349068a90.jpg,0
data\iwildcam_v2.0\extracted\train\89a3f252-21bc-11ea-a13a-137349068a90.jpg,2
data\iwildcam_v2.0\extracted\train\89af6830-21bc-11ea-a13a-137349068a90.jpg,9
data\iwildcam_v2.0\extracted\train\89b28ace-21bc-11ea-a13a-137349068a90.jpg,9
data\iwildcam_v2.0\extracted\train\89b39c02-21bc-11ea-a13a-137349068a90.jpg,1
data\iwildcam_v2.0\extracted\train\89b9a0de-21bc-11ea-a13a-137349068a90.jpg,0
data\iwildcam_v2.0\extracted\train\89bdacd8-21bc-11ea-a13a-137349068a90.jpg,0
data\iwildcam_v2.0\extracted\train\89bde0fe-21bc-11ea-a13a-137349068a90.jpg,2
data\iwildcam_v2.0\extracted\train\89be0836-21bc-11ea-a13a-137349068a90.jpg,0
data\iwildcam_v2.0\extracted\train\89c1787c-21bc-11ea-a13a-137349068a90.jpg,6
data\iwildcam_v2.0\extracted\train\89c1ca84-21bc-11ea-a13a-137349068a90.jpg,0
data\iwildcam_v2.0\extracted\train\89c2f814-21bc-11ea-a13a-137349068a90.jpg,4
data\iwildcam_v2.0\extracted\train\89c80ea8-21bc-11ea-a13a-137349068a90.jpg,0
data\iwildcam_v2.0\extracted\train\89d29562-21bc-11ea-a13a-137349068a90.jpg,0
data\iwildcam_v2.0\extracted\train\89d9afb4-21bc-11ea-a13a-137349068a90.jpg,0
data\iwildcam_v2.0\extracted\train\89ddbb40-21bc-11ea-a13a-137349068a90.jpg,0
data\iwildcam_v2.0\extracted\train\89e4aefa-21bc-11ea-a13a-137349068a90.jpg,0
data\iwildcam_v2.0\extracted\train\89f77c2e-21bc-11ea-a13a-137349068a90.jpg,0
data\iwildcam_v2.0\extracted\train\89ff34a0-21bc-11ea-a13a-137349068a90.jpg,2
data\iwildcam_v2.0\extracted\train\89ff6894-21bc-11ea-a13a-137349068a90.jpg,0
data\iwildcam_v2.0\extracted\train\8a01b20c-21bc-11ea-a13a-137349068a90.jpg,0
data\iwildcam_v2.0\extracted\train\8a0ae160-21bc-11ea-a13a-137349068a90.jpg,4
data\iwildcam_v2.0\extracted\train\8a13c9ec-21bc-11ea-a13a-137349068a90.jpg,7
data\iwildcam_v2.0\extracted\train\8a1be456-21bc-11ea-a13a-137349068a90.jpg,0
data\iwildcam_v2.0\extracted\train\8a20fbbc-21bc-11ea-a13a-137349068a90.jpg,0
data\iwildcam_v2.0\extracted\train\8a25c278-21bc-11ea-a13a-137349068a90.jpg,0
data\iwildcam_v2.0\extracted\train\8a288e0e-21bc-11ea-a13a-137349068a90.jpg,2
data\iwildcam_v2.0\extracted\train\8a2ab1b6-21bc-11ea-a13a-137349068a90.jpg,0
data\iwildcam_v2.0\extracted\train\8a331252-21bc-11ea-a13a-137349068a90.jpg,0
data\iwildcam_v2.0\extracted\train\8a3b5f3e-21bc-11ea-a13a-137349068a90.jpg,0
data\iwildcam_v2.0\extracted\train\8a4519c0-21bc-11ea-a13a-137349068a90.jpg,8
data\iwildcam_v2.0\extracted\train\8a5661ee-21bc-11ea-a13a-137349068a90.jpg,2
data\iwildcam_v2.0\extracted\train\8a5a4e30-21bc-11ea-a13a-137349068a90.jpg,0
data\iwildcam_v2.0\extracted\train\8a643666-21bc-11ea-a13a-137349068a90.jpg,0
data\iwildcam_v2.0\extracted\train\8a6750f8-21bc-11ea-a13a-137349068a90.jpg,0
data\iwildcam_v2.0\extracted\train\8a675b70-21bc-11ea-a13a-137349068a90.jpg,0
data\iwildcam_v2.0\extracted\train\8a688824-21bc-11ea-a13a-137349068a90.jpg,2
data\iwildcam_v2.0\extracted\train\8a72e97c-21bc-11ea-a13a-137349068a90.jpg,9
data\iwildcam_v2.0\extracted\train\8a7a9334-21bc-11ea-a13a-137349068a90.jpg,0
data\iwildcam_v2.0\extracted\train\8a81ca64-21bc-11ea-a13a-137349068a90.jpg,0
data\iwildcam_v2.0\extracted\train\8a951d3a-21bc-11ea-a13a-137349068a90.jpg,0
data\iwildcam_v2.0\extracted\train\8a995242-21bc-11ea-a13a-137349068a90.jpg,0
data\iwildcam_v2.0\extracted\train\8a9a54e4-21bc-11ea-a13a-137349068a90.jpg,0
data\iwildcam_v2.0\extracted\train\8a9d5b3a-21bc-11ea-a13a-137349068a90.jpg,0
data\iwildcam_v2.0\extracted\train\8a9e3aaa-21bc-11ea-a13a-137349068a90.jpg,8
data\iwildcam_v2.0\extracted\train\8aa2c3a4-21bc-11ea-a13a-137349068a90.jpg,0
data\iwildcam_v2.0\extracted\train\8ab5f118-21bc-11ea-a13a-137349068a90.jpg,2
data\iwildcam_v2.0\extracted\train\8ab9ce32-21bc-11ea-a13a-137349068a90.jpg,0
data\iwildcam_v2.0\extracted\train\8ac3048e-21bc-11ea-a13a-137349068a90.jpg,0
data\iwildcam_v2.0\extracted\train\8ad599aa-21bc-11ea-a13a-137349068a90.jpg,0
data\iwildcam_v2.0\extracted\train\8ad63f04-21bc-11ea-a13a-137349068a90.jpg,0
data\iwildcam_v2.0\extracted\train\8adaa026-21bc-11ea-a13a-137349068a90.jpg,0
data\iwildcam_v2.0\extracted\train\8ae664e2-21bc-11ea-a13a-137349068a90.jpg,0
data\iwildcam_v2.0\extracted\train\8aec83c2-21bc-11ea-a13a-137349068a90.jpg,9
data\iwildcam_v2.0\extracted\train\8af23d80-21bc-11ea-a13a-137349068a90.jpg,7
data\iwildcam_v2.0\extracted\train\8af34572-21bc-11ea-a13a-137349068a90.jpg,0
data\iwildcam_v2.0\extracted\train\8af8c2e0-21bc-11ea-a13a-137349068a90.jpg,0
data\iwildcam_v2.0\extracted\train\8afa1bb8-21bc-11ea-a13a-137349068a90.jpg,0
data\iwildcam_v2.0\extracted\train\8afffc86-21bc-11ea-a13a-137349068a90.jpg,10
data\iwildcam_v2.0\extracted\train\8b02a38c-21bc-11ea-a13a-137349068a90.jpg,0
data\iwildcam_v2.0\extracted\train\8b08a03e-21bc-11ea-a13a-137349068a90.jpg,10
data\iwildcam_v2.0\extracted\train\8b1fba26-21bc-11ea-a13a-137349068a90.jpg,5
data\iwildcam_v2.0\extracted\train\8b31a920-21bc-11ea-a13a-137349068a90.jpg,0
data\iwildcam_v2.0\extracted\train\8b35e170-21bc-11ea-a13a-137349068a90.jpg,0
data\iwildcam_v2.0\extracted\train\8b432ba0-21bc-11ea-a13a-137349068a90.jpg,0
data\iwildcam_v2.0\extracted\train\8b48987e-21bc-11ea-a13a-137349068a90.jpg,0
data\iwildcam_v2.0\extracted\train\8b4a6780-21bc-11ea-a13a-137349068a90.jpg,2
data\iwildcam_v2.0\extracted\train\8b589e72-21bc-11ea-a13a-137349068a90.jpg,0
data\iwildcam_v2.0\extracted\train\8b5b8e16-21bc-11ea-a13a-137349068a90.jpg,0
data\iwildcam_v2.0\extracted\train\8b6130a0-21bc-11ea-a13a-137349068a90.jpg,0
data\iwildcam_v2.0\extracted\train\8b64c9f4-21bc-11ea-a13a-137349068a90.jpg,0
data\iwildcam_v2.0\extracted\train\8b670eee-21bc-11ea-a13a-137349068a90.jpg,0
data\iwildcam_v2.0\extracted\train\8b6b1ce6-21bc-11ea-a13a-137349068a90.jpg,2
data\iwildcam_v2.0\extracted\train\8b6e40ec-21bc-11ea-a13a-137349068a90.jpg,0
data\iwildcam_v2.0\extracted\train\8b77bc12-21bc-11ea-a13a-137349068a90.jpg,0
data\iwildcam_v2.0\extracted\train\8b94947c-21bc-11ea-a13a-137349068a90.jpg,0
data\iwildcam_v2.0\extracted\train\8bafc5a8-21bc-11ea-a13a-137349068a90.jpg,0
data\iwildcam_v2.0\extracted\train\8bb524ee-21bc-11ea-a13a-137349068a90.jpg,2
data\iwildcam_v2.0\extracted\train\8bbb55ee-21bc-11ea-a13a-137349068a90.jpg,8
data\iwildcam_v2.0\extracted\train\8bbdb064-21bc-11ea-a13a-137349068a90.jpg,1
data\iwildcam_v2.0\extracted\train\8bc06d22-21bc-11ea-a13a-137349068a90.jpg,4
data\iwildcam_v2.0\extracted\train\8bc2e976-21bc-11ea-a13a-137349068a90.jpg,0
data\iwildcam_v2.0\extracted\train\8bc40248-21bc-11ea-a13a-137349068a90.jpg,2
data\iwildcam_v2.0\extracted\train\8bc69878-21bc-11ea-a13a-137349068a90.jpg,0
data\iwildcam_v2.0\extracted\train\8bd392ee-21bc-11ea-a13a-137349068a90.jpg,0
data\iwildcam_v2.0\extracted\train\8bd6f916-21bc-11ea-a13a-137349068a90.jpg,10
data\iwildcam_v2.0\extracted\train\8befe8fe-21bc-11ea-a13a-137349068a90.jpg,6
data\iwildcam_v2.0\extracted\train\8bf4e958-21bc-11ea-a13a-137349068a90.jpg,0
data\iwildcam_v2.0\extracted\train\8bf58e08-21bc-11ea-a13a-137349068a90.jpg,0
data\iwildcam_v2.0\extracted\train\8bfdc384-21bc-11ea-a13a-137349068a90.jpg,7
data\iwildcam_v2.0\extracted\train\8bfdd7e8-21bc-11ea-a13a-137349068a90.jpg,0
data\iwildcam_v2.0\extracted\train\8c1cd86e-21bc-11ea-a13a-137349068a90.jpg,0
data\iwildcam_v2.0\extracted\train\8c228124-21bc-11ea-a13a-137349068a90.jpg,0
data\iwildcam_v2.0\extracted\train\8c234a5a-21bc-11ea-a13a-137349068a90.jpg,0
data\iwildcam_v2.0\extracted\train\8c288056-21bc-11ea-a13a-137349068a90.jpg,0
data\iwildcam_v2.0\extracted\train\8c30223e-21bc-11ea-a13a-137349068a90.jpg,2
data\iwildcam_v2.0\extracted\train\8c34d1f8-21bc-11ea-a13a-137349068a90.jpg,0
data\iwildcam_v2.0\extracted\train\8c35dcb0-21bc-11ea-a13a-137349068a90.jpg,8
data\iwildcam_v2.0\extracted\train\8c3ec514-21bc-11ea-a13a-137349068a90.jpg,0
data\iwildcam_v2.0\extracted\train\8c404402-21bc-11ea-a13a-137349068a90.jpg,9
data\iwildcam_v2.0\extracted\train\8c4b0f54-21bc-11ea-a13a-137349068a90.jpg,9
data\iwildcam_v2.0\extracted\train\8c4ff208-21bc-11ea-a13a-137349068a90.jpg,0
data\iwildcam_v2.0\extracted\train\8c59fa6e-21bc-11ea-a13a-137349068a90.jpg,3
data\iwildcam_v2.0\extracted\train\8c5fced0-21bc-11ea-a13a-137349068a90.jpg,0
data\iwildcam_v2.0\extracted\train\8c62b6cc-21bc-11ea-a13a-137349068a90.jpg,9
data\iwildcam_v2.0\extracted\train\8c65b7c8-21bc-11ea-a13a-137349068a90.jpg,0
data\iwildcam_v2.0\extracted\train\8c65f10c-21bc-11ea-a13a-137349068a90.jpg,8
data\iwildcam_v2.0\extracted\train\8c6d0eec-21bc-11ea-a13a-137349068a90.jpg,5
data\iwildcam_v2.0\extracted\train\8c711852-21bc-11ea-a13a-137349068a90.jpg,0
data\iwildcam_v2.0\extracted\train\8c9c74ac-21bc-11ea-a13a-137349068a90.jpg,0
data\iwildcam_v2.0\extracted\train\8ca3e34a-21bc-11ea-a13a-137349068a90.jpg,6
data\iwildcam_v2.0\extracted\train\8ca82c8e-21bc-11ea-a13a-137349068a90.jpg,0
data\iwildcam_v2.0\extracted\train\8cb175d2-21bc-11ea-a13a-137349068a90.jpg,0
data\iwildcam_v2.0\extracted\train\8cb3114e-21bc-11ea-a13a-137349068a90.jpg,0
data\iwildcam_v2.0\extracted\train\8cb94dde-21bc-11ea-a13a-137349068a90.jpg,0
data\iwildcam_v2.0\extracted\train\8cbbf462-21bc-11ea-a13a-137349068a90.jpg,10
data\iwildcam_v2.0\extracted\train\8cc495cc-21bc-11ea-a13a-137349068a90.jpg,0
data\iwildcam_v2.0\extracted\train\8cca788e-21bc-11ea-a13a-137349068a90.jpg,0
data\iwildcam_v2.0\extracted\train\8cd474c4-21bc-11ea-a13a-137349068a90.jpg,0
data\iwildcam_v2.0\extracted\train\8cd99d8c-21bc-11ea-a13a-137349068a90.jpg,0
data\iwildcam_v2.0\extracted\train\8cddc31c-21bc-11ea-a13a-137349068a90.jpg,6
data\iwildcam_v2.0\extracted\train\8cdfaefc-21bc-11ea-a13a-137349068a90.jpg,0
data\iwildcam_v2.0\extracted\train\8ce45a88-21bc-11ea-a13a-137349068a90.jpg,0
data\iwildcam_v2.0\extracted\train\8cec0fe4-21bc-11ea-a13a-137349068a90.jpg,0
data\iwildcam_v2.0\extracted\train\8cf684ba-21bc-11ea-a13a-137349068a90.jpg,0
data\iwildcam_v2.0\extracted\train\8d06ccb2-21bc-11ea-a13a-137349068a90.jpg,2
data\iwildcam_v2.0\extracted\train\8d0729aa-21bc-11ea-a13a-137349068a90.jpg,0
data\iwildcam_v2.0\extracted\train\8d0a4d2e-21bc-11ea-a13a-137349068a90.jpg,0
data\iwildcam_v2.0\extracted\train\8d0b6ff6-21bc-11ea-a13a-137349068a90.jpg,0
data\iwildcam_v2.0\extracted\train\8d0ca1aa-21bc-11ea-a13a-137349068a90.jpg,0
data\iwildcam_v2.0\extracted\train\8d144d4c-21bc-11ea-a13a-137349068a90.jpg,0
data\iwildcam_v2.0\extracted\train\8d1f26d6-21bc-11ea-a13a-137349068a90.jpg,2
data\iwildcam_v2.0\extracted\train\8d2a515a-21bc-11ea-a13a-137349068a90.jpg,10
data\iwildcam_v2.0\extracted\train\8d2ac98c-21bc-11ea-a13a-137349068a90.jpg,0
data\iwildcam_v2.0\extracted\train\8d39617c-21bc-11ea-a13a-137349068a90.jpg,0
data\iwildcam_v2.0\extracted\train\8d3eee94-21bc-11ea-a13a-137349068a90.jpg,0
data\iwildcam_v2.0\extracted\train\8d48b6b8-21bc-11ea-a13a-137349068a90.jpg,6
data\iwildcam_v2.0\extracted\train\8d5018cc-21bc-11ea-a13a-137349068a90.jpg,9
data\iwildcam_v2.0\extracted\train\8d5492c6-21bc-11ea-a13a-137349068a90.jpg,6
data\iwildcam_v2.0\extracted\train\8d54c2aa-21bc-11ea-a13a-137349068a90.jpg,8
data\iwildcam_v2.0\extracted\train\8d54e24e-21bc-11ea-a13a-137349068a90.jpg,0
data\iwildcam_v2.0\extracted\train\8d6bc40a-21bc-11ea-a13a-137349068a90.jpg,0
data\iwildcam_v2.0\extracted\train\8d74ccd0-21bc-11ea-a13a-137349068a90.jpg,0
data\iwildcam_v2.0\extracted\train\8d80ce04-21bc-11ea-a13a-137349068a90.jpg,2
data\iwildcam_v2.0\extracted\train\8d83e378-21bc-11ea-a13a-137349068a90.jpg,0
data\iwildcam_v2.0\extracted\train\8d859c5e-21bc-11ea-a13a-137349068a90.jpg,0
data\iwildcam_v2.0\extracted\train\8d8d9454-21bc-11ea-a13a-137349068a90.jpg,0
data\iwildcam_v2.0\extracted\train\8d8fd66a-21bc-11ea-a13a-137349068a90.jpg,2
data\iwildcam_v2.0\extracted\train\8d911a0c-21bc-11ea-a13a-137349068a90.jpg,8
data\iwildcam_v2.0\extracted\train\8d93e110-21bc-11ea-a13a-137349068a90.jpg,0
data\iwildcam_v2.0\extracted\train\8d959d2a-21bc-11ea-a13a-137349068a90.jpg,0
data\iwildcam_v2.0\extracted\train\8d99d2b4-21bc-11ea-a13a-137349068a90.jpg,0
data\iwildcam_v2.0\extracted\train\8d9f43d4-21bc-11ea-a13a-137349068a90.jpg,2
data\iwildcam_v2.0\extracted\train\8da6990e-21bc-11ea-a13a-137349068a90.jpg,0
data\iwildcam_v2.0\extracted\train\8daca664-21bc-11ea-a13a-137349068a90.jpg,4
data\iwildcam_v2.0\extracted\train\8db43df2-21bc-11ea-a13a-137349068a90.jpg,0
data\iwildcam_v2.0\extracted\train\8db97984-21bc-11ea-a13a-137349068a90.jpg,2
data\iwildcam_v2.0\extracted\train\8dbda626-21bc-11ea-a13a-137349068a90.jpg,2
data\iwildcam_v2.0\extracted\train\8dee1d74-21bc-11ea-a13a-137349068a90.jpg,3
data\iwildcam_v2.0\extracted\train\8def084c-21bc-11ea-a13a-137349068a90.jpg,2
data\iwildcam_v2.0\extracted\train\8df145b2-21bc-11ea-a13a-137349068a90.jpg,2
data\iwildcam_v2.0\extracted\train\8df25470-21bc-11ea-a13a-137349068a90.jpg,4
data\iwildcam_v2.0\extracted\train\8df97c78-21bc-11ea-a13a-137349068a90.jpg,0
data\iwildcam_v2.0\extracted\train\8dfa941e-21bc-11ea-a13a-137349068a90.jpg,0
data\iwildcam_v2.0\extracted\train\8dfd5712-21bc-11ea-a13a-137349068a90.jpg,6
data\iwildcam_v2.0\extracted\train\8e0e79b6-21bc-11ea-a13a-137349068a90.jpg,10
data\iwildcam_v2.0\extracted\train\8e1dffe4-21bc-11ea-a13a-137349068a90.jpg,0
data\iwildcam_v2.0\extracted\train\8e274536-21bc-11ea-a13a-137349068a90.jpg,0
data\iwildcam_v2.0\extracted\train\8e27e2ca-21bc-11ea-a13a-137349068a90.jpg,0
data\iwildcam_v2.0\extracted\train\8e284bd4-21bc-11ea-a13a-137349068a90.jpg,0
data\iwildcam_v2.0\extracted\train\8e2bd862-21bc-11ea-a13a-137349068a90.jpg,7
data\iwildcam_v2.0\extracted\train\8e2ef8d0-21bc-11ea-a13a-137349068a90.jpg,8
data\iwildcam_v2.0\extracted\train\8e2fe6c8-21bc-11ea-a13a-137349068a90.jpg,0
data\iwildcam_v2.0\extracted\train\8e321812-21bc-11ea-a13a-137349068a90.jpg,2
data\iwildcam_v2.0\extracted\train\8e3f6bde-21bc-11ea-a13a-137349068a90.jpg,2
data\iwildcam_v2.0\extracted\train\8e466b46-21bc-11ea-a13a-137349068a90.jpg,0
data\iwildcam_v2.0\extracted\train\8e4de8c6-21bc-11ea-a13a-137349068a90.jpg,0
data\iwildcam_v2.0\extracted\train\8e687a92-21bc-11ea-a13a-137349068a90.jpg,0
data\iwildcam_v2.0\extracted\train\8e73d216-21bc-11ea-a13a-137349068a90.jpg,0
data\iwildcam_v2.0\extracted\train\8e75477c-21bc-11ea-a13a-137349068a90.jpg,0
data\iwildcam_v2.0\extracted\train\8e7c0076-21bc-11ea-a13a-137349068a90.jpg,0
data\iwildcam_v2.0\extracted\train\8e7fab86-21bc-11ea-a13a-137349068a90.jpg,2
data\iwildcam_v2.0\extracted\train\8e8daaf6-21bc-11ea-a13a-137349068a90.jpg,0
data\iwildcam_v2.0\extracted\train\8ea9a5ee-21bc-11ea-a13a-137349068a90.jpg,6
data\iwildcam_v2.0\extracted\train\8eab377e-21bc-11ea-a13a-137349068a90.jpg,0
data\iwildcam_v2.0\extracted\train\8eb287cc-21bc-11ea-a13a-137349068a90.jpg,2
data\iwildcam_v2.0\extracted\train\8eb7313c-21bc-11ea-a13a-137349068a90.jpg,0
data\iwildcam_v2.0\extracted\train\8ebf1230-21bc-11ea-a13a-137349068a90.jpg,0
data\iwildcam_v2.0\extracted\train\8ec02f80-21bc-11ea-a13a-137349068a90.jpg,0
data\iwildcam_v2.0\extracted\train\8ec1ee60-21bc-11ea-a13a-137349068a90.jpg,0
data\iwildcam_v2.0\extracted\train\8ec8b4ca-21bc-11ea-a13a-137349068a90.jpg,2
data\iwildcam_v2.0\extracted\train\8ecc7650-21bc-11ea-a13a-137349068a90.jpg,0
data\iwildcam_v2.0\extracted\train\8ecdb7cc-21bc-11ea-a13a-137349068a90.jpg,0
data\iwildcam_v2.0\extracted\train\8eef2484-21bc-11ea-a13a-137349068a90.jpg,0
data\iwildcam_v2.0\extracted\train\8ef03040-21bc-11ea-a13a-137349068a90.jpg,0
data\iwildcam_v2.0\extracted\train\8ef2c95e-21bc-11ea-a13a-137349068a90.jpg,1
data\iwildcam_v2.0\extracted\train\8efc0aaa-21bc-11ea-a13a-137349068a90.jpg,2
data\iwildcam_v2.0\extracted\train\8f00001a-21bc-11ea-a13a-137349068a90.jpg,0
data\iwildcam_v2.0\extracted\train\8f00353a-21bc-11ea-a13a-137349068a90.jpg,0
data\iwildcam_v2.0\extracted\train\8f087dee-21bc-11ea-a13a-137349068a90.jpg,0
data\iwildcam_v2.0\extracted\train\8f0baed8-21bc-11ea-a13a-137349068a90.jpg,0
data\iwildcam_v2.0\extracted\train\8f159380-21bc-11ea-a13a-137349068a90.jpg,0
data\iwildcam_v2.0\extracted\train\8f2852fe-21bc-11ea-a13a-137349068a90.jpg,0
data\iwildcam_v2.0\extracted\train\8f2c08e0-21bc-11ea-a13a-137349068a90.jpg,4
data\iwildcam_v2.0\extracted\train\8f39ed2a-21bc-11ea-a13a-137349068a90.jpg,10
data\iwildcam_v2.0\extracted\train\8f490c06-21bc-11ea-a13a-137349068a90.jpg,0
data\iwildcam_v2.0\extracted\train\8f499004-21bc-11ea-a13a-137349068a90.jpg,0
data\iwildcam_v2.0\extracted\train\8f5b43c6-21bc-11ea-a13a-137349068a90.jpg,0
data\iwildcam_v2.0\extracted\train\8f86da5e-21bc-11ea-a13a-137349068a90.jpg,0
data\iwildcam_v2.0\extracted\train\8f8cb24e-21bc-11ea-a13a-137349068a90.jpg,0
data\iwildcam_v2.0\extracted\train\8f9b32d8-21bc-11ea-a13a-137349068a90.jpg,9
data\iwildcam_v2.0\extracted\train\8f9ebbce-21bc-11ea-a13a-137349068a90.jpg,2
data\iwildcam_v2.0\extracted\train\8fa31b56-21bc-11ea-a13a-137349068a90.jpg,0
data\iwildcam_v2.0\extracted\train\8fa47974-21bc-11ea-a13a-137349068a90.jpg,0
data\iwildcam_v2.0\extracted\train\8fabe092-21bc-11ea-a13a-137349068a90.jpg,1
data\iwildcam_v2.0\extracted\train\8faec1fe-21bc-11ea-a13a-137349068a90.jpg,0
data\iwildcam_v2.0\extracted\train\8fbf7ef4-21bc-11ea-a13a-137349068a90.jpg,2
data\iwildcam_v2.0\extracted\train\8fc01576-21bc-11ea-a13a-137349068a90.jpg,0
data\iwildcam_v2.0\extracted\train\8fcb7d9e-21bc-11ea-a13a-137349068a90.jpg,0
data\iwildcam_v2.0\extracted\train\8fd83994-21bc-11ea-a13a-137349068a90.jpg,0
data\iwildcam_v2.0\extracted\train\8fd966b6-21bc-11ea-a13a-137349068a90.jpg,0
data\iwildcam_v2.0\extracted\train\8fdfd960-21bc-11ea-a13a-137349068a90.jpg,7
data\iwildcam_v2.0\extracted\train\8fe1671c-21bc-11ea-a13a-137349068a90.jpg,0
data\iwildcam_v2.0\extracted\train\8fe41b42-21bc-11ea-a13a-137349068a90.jpg,0
data\iwildcam_v2.0\extracted\train\8ff23650-21bc-11ea-a13a-137349068a90.jpg,0
data\iwildcam_v2.0\extracted\train\8ff28e66-21bc-11ea-a13a-137349068a90.jpg,0
data\iwildcam_v2.0\extracted\train\8ffbea74-21bc-11ea-a13a-137349068a90.jpg,0
data\iwildcam_v2.0\extracted\train\8ffd7826-21bc-11ea-a13a-137349068a90.jpg,0
data\iwildcam_v2.0\extracted\train\90022be6-21bc-11ea-a13a-137349068a90.jpg,1
data\iwildcam_v2.0\extracted\train\900961ea-21bc-11ea-a13a-137349068a90.jpg,0
data\iwildcam_v2.0\extracted\train\901b74b6-21bc-11ea-a13a-137349068a90.jpg,10
data\iwildcam_v2.0\extracted\train\901cd0fe-21bc-11ea-a13a-137349068a90.jpg,0
data\iwildcam_v2.0\extracted\train\90203d02-21bc-11ea-a13a-137349068a90.jpg,0
data\iwildcam_v2.0\extracted\train\9022494e-21bc-11ea-a13a-137349068a90.jpg,1
data\iwildcam_v2.0\extracted\train\90234916-21bc-11ea-a13a-137349068a90.jpg,2
data\iwildcam_v2.0\extracted\train\902f8456-21bc-11ea-a13a-137349068a90.jpg,4
data\iwildcam_v2.0\extracted\train\90421364-21bc-11ea-a13a-137349068a90.jpg,4
data\iwildcam_v2.0\extracted\train\904729da-21bc-11ea-a13a-137349068a90.jpg,0
data\iwildcam_v2.0\extracted\train\9053ada4-21bc-11ea-a13a-137349068a90.jpg,9
data\iwildcam_v2.0\extracted\train\90549c14-21bc-11ea-a13a-137349068a90.jpg,2
data\iwildcam_v2.0\extracted\train\90599bb0-21bc-11ea-a13a-137349068a90.jpg,5
data\iwildcam_v2.0\extracted\train\905d4850-21bc-11ea-a13a-137349068a90.jpg,0
data\iwildcam_v2.0\extracted\train\905e0f4c-21bc-11ea-a13a-137349068a90.jpg,0
data\iwildcam_v2.0\extracted\train\905ee3a4-21bc-11ea-a13a-137349068a90.jpg,10
data\iwildcam_v2.0\extracted\train\90608862-21bc-11ea-a13a-137349068a90.jpg,4
data\iwildcam_v2.0\extracted\train\906a3c9a-21bc-11ea-a13a-137349068a90.jpg,0
data\iwildcam_v2.0\extracted\train\9070418a-21bc-11ea-a13a-137349068a90.jpg,0
data\iwildcam_v2.0\extracted\train\9079a068-21bc-11ea-a13a-137349068a90.jpg,2
data\iwildcam_v2.0\extracted\train\9080fa7a-21bc-11ea-a13a-137349068a90.jpg,0
data\iwildcam_v2.0\extracted\train\9087e510-21bc-11ea-a13a-137349068a90.jpg,4
data\iwildcam_v2.0\extracted\train\909defae-21bc-11ea-a13a-137349068a90.jpg,9
data\iwildcam_v2.0\extracted\train\909f6942-21bc-11ea-a13a-137349068a90.jpg,2
data\iwildcam_v2.0\extracted\train\90a344d6-21bc-11ea-a13a-137349068a90.jpg,0
data\iwildcam_v2.0\extracted\train\90ae9d22-21bc-11ea-a13a-137349068a90.jpg,0
data\iwildcam_v2.0\extracted\train\90b6d582-21bc-11ea-a13a-137349068a90.jpg,1
data\iwildcam_v2.0\extracted\train\90b70bc4-21bc-11ea-a13a-137349068a90.jpg,0
data\iwildcam_v2.0\extracted\train\90bd1c26-21bc-11ea-a13a-137349068a90.jpg,0
data\iwildcam_v2.0\extracted\train\90ca7240-21bc-11ea-a13a-137349068a90.jpg,0
data\iwildcam_v2.0\extracted\train\90cea7f2-21bc-11ea-a13a-137349068a90.jpg,6
data\iwildcam_v2.0\extracted\train\90d074e2-21bc-11ea-a13a-137349068a90.jpg,10
data\iwildcam_v2.0\extracted\train\90d52d7a-21bc-11ea-a13a-137349068a90.jpg,0
data\iwildcam_v2.0\extracted\train\910f1044-21bc-11ea-a13a-137349068a90.jpg,0
data\iwildcam_v2.0\extracted\train\912e8c94-21bc-11ea-a13a-137349068a90.jpg,2
data\iwildcam_v2.0\extracted\train\91369f9c-21bc-11ea-a13a-137349068a90.jpg,0
data\iwildcam_v2.0\extracted\train\913a87b0-21bc-11ea-a13a-137349068a90.jpg,0
data\iwildcam_v2.0\extracted\train\9142254c-21bc-11ea-a13a-137349068a90.jpg,5
data\iwildcam_v2.0\extracted\train\91451216-21bc-11ea-a13a-137349068a90.jpg,0
data\iwildcam_v2.0\extracted\train\9148ee86-21bc-11ea-a13a-137349068a90.jpg,1
data\iwildcam_v2.0\extracted\train\914d7e24-21bc-11ea-a13a-137349068a90.jpg,0
data\iwildcam_v2.0\extracted\train\91586302-21bc-11ea-a13a-137349068a90.jpg,0
data\iwildcam_v2.0\extracted\train\915f5496-21bc-11ea-a13a-137349068a90.jpg,9
data\iwildcam_v2.0\extracted\train\915f91e0-21bc-11ea-a13a-137349068a90.jpg,0
data\iwildcam_v2.0\extracted\train\915feb40-21bc-11ea-a13a-137349068a90.jpg,0
data\iwildcam_v2.0\extracted\train\916650ac-21bc-11ea-a13a-137349068a90.jpg,2
data\iwildcam_v2.0\extracted\train\91671b90-21bc-11ea-a13a-137349068a90.jpg,0
data\iwildcam_v2.0\extracted\train\916ac790-21bc-11ea-a13a-137349068a90.jpg,0
data\iwildcam_v2.0\extracted\train\916e4366-21bc-11ea-a13a-137349068a90.jpg,0
data\iwildcam_v2.0\extracted\train\916f4b44-21bc-11ea-a13a-137349068a90.jpg,0
data\iwildcam_v2.0\extracted\train\917365e4-21bc-11ea-a13a-137349068a90.jpg,0
data\iwildcam_v2.0\extracted\train\9178537e-21bc-11ea-a13a-137349068a90.jpg,0
data\iwildcam_v2.0\extracted\train\9185225c-21bc-11ea-a13a-137349068a90.jpg,0
data\iwildcam_v2.0\extracted\train\9187dfe2-21bc-11ea-a13a-137349068a90.jpg,0
data\iwildcam_v2.0\extracted\train\919a8962-21bc-11ea-a13a-137349068a90.jpg,0
data\iwildcam_v2.0\extracted\train\91a03484-21bc-11ea-a13a-137349068a90.jpg,0
data\iwildcam_v2.0\extracted\train\91a92dc8-21bc-11ea-a13a-137349068a90.jpg,5
data\iwildcam_v2.0\extracted\train\91b13220-21bc-11ea-a13a-137349068a90.jpg,0
data\iwildcam_v2.0\extracted\train\91b4e4e2-21bc-11ea-a13a-137349068a90.jpg,0
data\iwildcam_v2.0\extracted\train\91bbfa02-21bc-11ea-a13a-137349068a90.jpg,0
data\iwildcam_v2.0\extracted\train\91cc3322-21bc-11ea-a13a-137349068a90.jpg,0
data\iwildcam_v2.0\extracted\train\91d07482-21bc-11ea-a13a-137349068a90.jpg,4
data\iwildcam_v2.0\extracted\train\91d204c8-21bc-11ea-a13a-137349068a90.jpg,0
data\iwildcam_v2.0\extracted\train\91d2f8f6-21bc-11ea-a13a-137349068a90.jpg,0
data\iwildcam_v2.0\extracted\train\91d3305a-21bc-11ea-a13a-137349068a90.jpg,0
data\iwildcam_v2.0\extracted\train\91edf728-21bc-11ea-a13a-137349068a90.jpg,0
data\iwildcam_v2.0\extracted\train\91f0368c-21bc-11ea-a13a-137349068a90.jpg,6
data\iwildcam_v2.0\extracted\train\91f0b616-21bc-11ea-a13a-137349068a90.jpg,1
data\iwildcam_v2.0\extracted\train\91f17f42-21bc-11ea-a13a-137349068a90.jpg,4
data\iwildcam_v2.0\extracted\train\91f839a4-21bc-11ea-a13a-137349068a90.jpg,0
data\iwildcam_v2.0\extracted\train\920146f2-21bc-11ea-a13a-137349068a90.jpg,8
data\iwildcam_v2.0\extracted\train\920ced68-21bc-11ea-a13a-137349068a90.jpg,0
data\iwildcam_v2.0\extracted\train\920d280a-21bc-11ea-a13a-137349068a90.jpg,0
data\iwildcam_v2.0\extracted\train\921bada8-21bc-11ea-a13a-137349068a90.jpg,0
data\iwildcam_v2.0\extracted\train\923c8a50-21bc-11ea-a13a-137349068a90.jpg,0
data\iwildcam_v2.0\extracted\train\923f9c7c-21bc-11ea-a13a-137349068a90.jpg,2
data\iwildcam_v2.0\extracted\train\9240361e-21bc-11ea-a13a-137349068a90.jpg,0
data\iwildcam_v2.0\extracted\train\924056a8-21bc-11ea-a13a-137349068a90.jpg,2
data\iwildcam_v2.0\extracted\train\925a1804-21bc-11ea-a13a-137349068a90.jpg,0
data\iwildcam_v2.0\extracted\train\925bc3d4-21bc-11ea-a13a-137349068a90.jpg,0
data\iwildcam_v2.0\extracted\train\925c27fc-21bc-11ea-a13a-137349068a90.jpg,0
data\iwildcam_v2.0\extracted\train\925c9f34-21bc-11ea-a13a-137349068a90.jpg,0
data\iwildcam_v2.0\extracted\train\9265ab60-21bc-11ea-a13a-137349068a90.jpg,0
data\iwildcam_v2.0\extracted\train\9267db6a-21bc-11ea-a13a-137349068a90.jpg,0
data\iwildcam_v2.0\extracted\train\9274a5d4-21bc-11ea-a13a-137349068a90.jpg,0
data\iwildcam_v2.0\extracted\train\92795ea8-21bc-11ea-a13a-137349068a90.jpg,0
data\iwildcam_v2.0\extracted\train\9279ead0-21bc-11ea-a13a-137349068a90.jpg,0
data\iwildcam_v2.0\extracted\train\9292aa52-21bc-11ea-a13a-137349068a90.jpg,2
data\iwildcam_v2.0\extracted\train\9292e6f2-21bc-11ea-a13a-137349068a90.jpg,0
data\iwildcam_v2.0\extracted\train\929415cc-21bc-11ea-a13a-137349068a90.jpg,0
data\iwildcam_v2.0\extracted\train\929a0662-21bc-11ea-a13a-137349068a90.jpg,6
data\iwildcam_v2.0\extracted\train\929ce120-21bc-11ea-a13a-137349068a90.jpg,0
data\iwildcam_v2.0\extracted\train\92a25fa6-21bc-11ea-a13a-137349068a90.jpg,0
data\iwildcam_v2.0\extracted\train\92a5c7c2-21bc-11ea-a13a-137349068a90.jpg,7
data\iwildcam_v2.0\extracted\train\92a9be04-21bc-11ea-a13a-137349068a90.jpg,0
data\iwildcam_v2.0\extracted\train\92b385a6-21bc-11ea-a13a-137349068a90.jpg,1
data\iwildcam_v2.0\extracted\train\92b42c40-21bc-11ea-a13a-137349068a90.jpg,0
data\iwildcam_v2.0\extracted\train\92bab380-21bc-11ea-a13a-137349068a90.jpg,2
data\iwildcam_v2.0\extracted\train\92be432e-21bc-11ea-a13a-137349068a90.jpg,0
data\iwildcam_v2.0\extracted\train\92c0cea0-21bc-11ea-a13a-137349068a90.jpg,0
data\iwildcam_v2.0\extracted\train\92c53a94-21bc-11ea-a13a-137349068a90.jpg,0
data\iwildcam_v2.0\extracted\train\92ccc2a0-21bc-11ea-a13a-137349068a90.jpg,5
data\iwildcam_v2.0\extracted\train\92d0e178-21bc-11ea-a13a-137349068a90.jpg,10
data\iwildcam_v2.0\extracted\train\92df4100-21bc-11ea-a13a-137349068a90.jpg,0
data\iwildcam_v2.0\extracted\train\92e731c6-21bc-11ea-a13a-137349068a90.jpg,0
data\iwildcam_v2.0\extracted\train\92f2147e-21bc-11ea-a13a-137349068a90.jpg,0
data\iwildcam_v2.0\extracted\train\930130b2-21bc-11ea-a13a-137349068a90.jpg,9
data\iwildcam_v2.0\extracted\train\93029a1a-21bc-11ea-a13a-137349068a90.jpg,0
data\iwildcam_v2.0\extracted\train\931f50d8-21bc-11ea-a13a-137349068a90.jpg,10
data\iwildcam_v2.0\extracted\train\9322571a-21bc-11ea-a13a-137349068a90.jpg,0
data\iwildcam_v2.0\extracted\train\932ccf88-21bc-11ea-a13a-137349068a90.jpg,7
data\iwildcam_v2.0\extracted\train\9334bffe-21bc-11ea-a13a-137349068a90.jpg,0
data\iwildcam_v2.0\extracted\train\93357674-21bc-11ea-a13a-137349068a90.jpg,9
data\iwildcam_v2.0\extracted\train\933c2668-21bc-11ea-a13a-137349068a90.jpg,0
data\iwildcam_v2.0\extracted\train\933d4656-21bc-11ea-a13a-137349068a90.jpg,0
data\iwildcam_v2.0\extracted\train\9347ca5e-21bc-11ea-a13a-137349068a90.jpg,0
data\iwildcam_v2.0\extracted\train\93499dc0-21bc-11ea-a13a-137349068a90.jpg,0
data\iwildcam_v2.0\extracted\train\93510f6a-21bc-11ea-a13a-137349068a90.jpg,0
data\iwildcam_v2.0\extracted\train\9358d84e-21bc-11ea-a13a-137349068a90.jpg,5
data\iwildcam_v2.0\extracted\train\935f265e-21bc-11ea-a13a-137349068a90.jpg,0
data\iwildcam_v2.0\extracted\train\9361b504-21bc-11ea-a13a-137349068a90.jpg,0
data\iwildcam_v2.0\extracted\train\936741fe-21bc-11ea-a13a-137349068a90.jpg,0
data\iwildcam_v2.0\extracted\train\936d4a36-21bc-11ea-a13a-137349068a90.jpg,2
data\iwildcam_v2.0\extracted\train\93751f40-21bc-11ea-a13a-137349068a90.jpg,0
data\iwildcam_v2.0\extracted\train\937c5cc4-21bc-11ea-a13a-137349068a90.jpg,0
data\iwildcam_v2.0\extracted\train\9380635a-21bc-11ea-a13a-137349068a90.jpg,0
data\iwildcam_v2.0\extracted\train\93835880-21bc-11ea-a13a-137349068a90.jpg,0
data\iwildcam_v2.0\extracted\train\93ac0e56-21bc-11ea-a13a-137349068a90.jpg,0
data\iwildcam_v2.0\extracted\train\93bed32e-21bc-11ea-a13a-137349068a90.jpg,0
data\iwildcam_v2.0\extracted\train\93c93cd8-21bc-11ea-a13a-137349068a90.jpg,1
data\iwildcam_v2.0\extracted\train\93c9400c-21bc-11ea-a13a-137349068a90.jpg,0
data\iwildcam_v2.0\extracted\train\93ca98b2-21bc-11ea-a13a-137349068a90.jpg,3
data\iwildcam_v2.0\extracted\train\93d835ee-21bc-11ea-a13a-137349068a90.jpg,2
data\iwildcam_v2.0\extracted\train\93db0972-21bc-11ea-a13a-137349068a90.jpg,2
data\iwildcam_v2.0\extracted\train\93e29c6e-21bc-11ea-a13a-137349068a90.jpg,0
data\iwildcam_v2.0\extracted\train\93eaca9c-21bc-11ea-a13a-137349068a90.jpg,6
data\iwildcam_v2.0\extracted\train\93f32a84-21bc-11ea-a13a-137349068a90.jpg,0
data\iwildcam_v2.0\extracted\train\93f59580-21bc-11ea-a13a-137349068a90.jpg,0
data\iwildcam_v2.0\extracted\train\93f59e5e-21bc-11ea-a13a-137349068a90.jpg,2
data\iwildcam_v2.0\extracted\train\93fa755a-21bc-11ea-a13a-137349068a90.jpg,10
data\iwildcam_v2.0\extracted\train\93fb3260-21bc-11ea-a13a-137349068a90.jpg,0
data\iwildcam_v2.0\extracted\train\9418c726-21bc-11ea-a13a-137349068a90.jpg,0
data\iwildcam_v2.0\extracted\train\9420ee42-21bc-11ea-a13a-137349068a90.jpg,0
data\iwildcam_v2.0\extracted\train\94244380-21bc-11ea-a13a-137349068a90.jpg,0
data\iwildcam_v2.0\extracted\train\942f05d6-21bc-11ea-a13a-137349068a90.jpg,0
data\iwildcam_v2.0\extracted\train\942f430c-21bc-11ea-a13a-137349068a90.jpg,0
data\iwildcam_v2.0\extracted\train\943092fc-21bc-11ea-a13a-137349068a90.jpg,0
data\iwildcam_v2.0\extracted\train\943aae86-21bc-11ea-a13a-137349068a90.jpg,0
data\iwildcam_v2.0\extracted\train\9442ced6-21bc-11ea-a13a-137349068a90.jpg,0
data\iwildcam_v2.0\extracted\train\9448728c-21bc-11ea-a13a-137349068a90.jpg,0
data\iwildcam_v2.0\extracted\train\94508a4e-21bc-11ea-a13a-137349068a90.jpg,0
data\iwildcam_v2.0\extracted\train\9452bae4-21bc-11ea-a13a-137349068a90.jpg,0
data\iwildcam_v2.0\extracted\train\947055a4-21bc-11ea-a13a-137349068a90.jpg,0
data\iwildcam_v2.0\extracted\train\947202be-21bc-11ea-a13a-137349068a90.jpg,0
data\iwildcam_v2.0\extracted\train\94745938-21bc-11ea-a13a-137349068a90.jpg,0
data\iwildcam_v2.0\extracted\train\947bba16-21bc-11ea-a13a-137349068a90.jpg,0
data\iwildcam_v2.0\extracted\train\9481d1c6-21bc-11ea-a13a-137349068a90.jpg,0
data\iwildcam_v2.0\extracted\train\9486dc2a-21bc-11ea-a13a-137349068a90.jpg,0
data\iwildcam_v2.0\extracted\train\94910f38-21bc-11ea-a13a-137349068a90.jpg,0
data\iwildcam_v2.0\extracted\train\9495492c-21bc-11ea-a13a-137349068a90.jpg,1
data\iwildcam_v2.0\extracted\train\949f98be-21bc-11ea-a13a-137349068a90.jpg,0
data\iwildcam_v2.0\extracted\train\94a3e0fe-21bc-11ea-a13a-137349068a90.jpg,0
data\iwildcam_v2.0\extracted\train\94a8d0d2-21bc-11ea-a13a-137349068a90.jpg,0
data\iwildcam_v2.0\extracted\train\94aacb58-21bc-11ea-a13a-137349068a90.jpg,2
data\iwildcam_v2.0\extracted\train\94acf676-21bc-11ea-a13a-137349068a90.jpg,9
data\iwildcam_v2.0\extracted\train\94b9bafa-21bc-11ea-a13a-137349068a90.jpg,0
data\iwildcam_v2.0\extracted\train\94bd65b0-21bc-11ea-a13a-137349068a90.jpg,0
data\iwildcam_v2.0\extracted\train\94bf91e6-21bc-11ea-a13a-137349068a90.jpg,0
data\iwildcam_v2.0\extracted\train\94bfe844-21bc-11ea-a13a-137349068a90.jpg,0
data\iwildcam_v2.0\extracted\train\94cc8a18-21bc-11ea-a13a-137349068a90.jpg,7
data\iwildcam_v2.0\extracted\train\94d8f30c-21bc-11ea-a13a-137349068a90.jpg,0
data\iwildcam_v2.0\extracted\train\94e1a934-21bc-11ea-a13a-137349068a90.jpg,5
data\iwildcam_v2.0\extracted\train\94f2c660-21bc-11ea-a13a-137349068a90.jpg,9
data\iwildcam_v2.0\extracted\train\94f3cc86-21bc-11ea-a13a-137349068a90.jpg,8
data\iwildcam_v2.0\extracted\train\94fa2752-21bc-11ea-a13a-137349068a90.jpg,0
data\iwildcam_v2.0\extracted\train\94fc9834-21bc-11ea-a13a-137349068a90.jpg,0
data\iwildcam_v2.0\extracted\train\94fce4c4-21bc-11ea-a13a-137349068a90.jpg,5
data\iwildcam_v2.0\extracted\train\94fd5fa8-21bc-11ea-a13a-137349068a90.jpg,0
data\iwildcam_v2.0\extracted\train\95024bb2-21bc-11ea-a13a-137349068a90.jpg,6
data\iwildcam_v2.0\extracted\train\9507c844-21bc-11ea-a13a-137349068a90.jpg,1
data\iwildcam_v2.0\extracted\train\950fa294-21bc-11ea-a13a-137349068a90.jpg,0
data\iwildcam_v2.0\extracted\train\95100d38-21bc-11ea-a13a-137349068a90.jpg,0
data\iwildcam_v2.0\extracted\train\95138e5e-21bc-11ea-a13a-137349068a90.jpg,0
data\iwildcam_v2.0\extracted\train\951a36c8-21bc-11ea-a13a-137349068a90.jpg,0
data\iwildcam_v2.0\extracted\train\951c2d34-21bc-11ea-a13a-137349068a90.jpg,0
data\iwildcam_v2.0\extracted\train\95208cda-21bc-11ea-a13a-137349068a90.jpg,5
data\iwildcam_v2.0\extracted\train\9520a6e8-21bc-11ea-a13a-137349068a90.jpg,0
data\iwildcam_v2.0\extracted\train\952571d2-21bc-11ea-a13a-137349068a90.jpg,0
data\iwildcam_v2.0\extracted\train\953af71e-21bc-11ea-a13a-137349068a90.jpg,0
data\iwildcam_v2.0\extracted\train\953fb57e-21bc-11ea-a13a-137349068a90.jpg,0
data\iwildcam_v2.0\extracted\train\9548d99c-21bc-11ea-a13a-137349068a90.jpg,0
data\iwildcam_v2.0\extracted\train\95534c10-21bc-11ea-a13a-137349068a90.jpg,0
data\iwildcam_v2.0\extracted\train\955560cc-21bc-11ea-a13a-137349068a90.jpg,3
data\iwildcam_v2.0\extracted\train\955da4ee-21bc-11ea-a13a-137349068a90.jpg,0
data\iwildcam_v2.0\extracted\train\956bb778-21bc-11ea-a13a-137349068a90.jpg,0
data\iwildcam_v2.0\extracted\train\957ca466-21bc-11ea-a13a-137349068a90.jpg,1
data\iwildcam_v2.0\extracted\train\9581b744-21bc-11ea-a13a-137349068a90.jpg,0
data\iwildcam_v2.0\extracted\train\9581ed04-21bc-11ea-a13a-137349068a90.jpg,0
data\iwildcam_v2.0\extracted\train\95836ba2-21bc-11ea-a13a-137349068a90.jpg,0
data\iwildcam_v2.0\extracted\train\95865326-21bc-11ea-a13a-137349068a90.jpg,0
data\iwildcam_v2.0\extracted\train\9587d110-21bc-11ea-a13a-137349068a90.jpg,1
data\iwildcam_v2.0\extracted\train\958c6144-21bc-11ea-a13a-137349068a90.jpg,0
data\iwildcam_v2.0\extracted\train\958ee61c-21bc-11ea-a13a-137349068a90.jpg,0
data\iwildcam_v2.0\extracted\train\95a11e72-21bc-11ea-a13a-137349068a90.jpg,0
data\iwildcam_v2.0\extracted\train\95a4a7b8-21bc-11ea-a13a-137349068a90.jpg,0
data\iwildcam_v2.0\extracted\train\95bb17d2-21bc-11ea-a13a-137349068a90.jpg,2
data\iwildcam_v2.0\extracted\train\95c5c10a-21bc-11ea-a13a-137349068a90.jpg,0
data\iwildcam_v2.0\extracted\train\95ddc5a2-21bc-11ea-a13a-137349068a90.jpg,0
data\iwildcam_v2.0\extracted\train\95ded4ce-21bc-11ea-a13a-137349068a90.jpg,10
data\iwildcam_v2.0\extracted\train\95e0df8a-21bc-11ea-a13a-137349068a90.jpg,0
data\iwildcam_v2.0\extracted\train\95ec0770-21bc-11ea-a13a-137349068a90.jpg,0
data\iwildcam_v2.0\extracted\train\95ef015a-21bc-11ea-a13a-137349068a90.jpg,0
data\iwildcam_v2.0\extracted\train\95f51ea0-21bc-11ea-a13a-137349068a90.jpg,2
data\iwildcam_v2.0\extracted\train\95fa3e6c-21bc-11ea-a13a-137349068a90.jpg,0
data\iwildcam_v2.0\extracted\train\96041cca-21bc-11ea-a13a-137349068a90.jpg,0
data\iwildcam_v2.0\extracted\train\9606f364-21bc-11ea-a13a-137349068a90.jpg,4
data\iwildcam_v2.0\extracted\train\960f1724-21bc-11ea-a13a-137349068a90.jpg,0
data\iwildcam_v2.0\extracted\train\9615c4ca-21bc-11ea-a13a-137349068a90.jpg,0
data\iwildcam_v2.0\extracted\train\96173e04-21bc-11ea-a13a-137349068a90.jpg,0
data\iwildcam_v2.0\extracted\train\96194082-21bc-11ea-a13a-137349068a90.jpg,0
data\iwildcam_v2.0\extracted\train\961db9dc-21bc-11ea-a13a-137349068a90.jpg,0
data\iwildcam_v2.0\extracted\train\961feacc-21bc-11ea-a13a-137349068a90.jpg,0
data\iwildcam_v2.0\extracted\train\9624fc60-21bc-11ea-a13a-137349068a90.jpg,0
data\iwildcam_v2.0\extracted\train\963964de-21bc-11ea-a13a-137349068a90.jpg,2
data\iwildcam_v2.0\extracted\train\963e389c-21bc-11ea-a13a-137349068a90.jpg,2
data\iwildcam_v2.0\extracted\train\9641eaa0-21bc-11ea-a13a-137349068a90.jpg,7
data\iwildcam_v2.0\extracted\train\96487578-21bc-11ea-a13a-137349068a90.jpg,6
data\iwildcam_v2.0\extracted\train\9654bcb6-21bc-11ea-a13a-137349068a90.jpg,0
data\iwildcam_v2.0\extracted\train\9654d53e-21bc-11ea-a13a-137349068a90.jpg,0
data\iwildcam_v2.0\extracted\train\9663632e-21bc-11ea-a13a-137349068a90.jpg,0
data\iwildcam_v2.0\extracted\train\96648b50-21bc-11ea-a13a-137349068a90.jpg,0
data\iwildcam_v2.0\extracted\train\9672db06-21bc-11ea-a13a-137349068a90.jpg,0
data\iwildcam_v2.0\extracted\train\968180d4-21bc-11ea-a13a-137349068a90.jpg,8
data\iwildcam_v2.0\extracted\train\9686808e-21bc-11ea-a13a-137349068a90.jpg,0
data\iwildcam_v2.0\extracted\train\9692f094-21bc-11ea-a13a-137349068a90.jpg,2
data\iwildcam_v2.0\extracted\train\9693e152-21bc-11ea-a13a-137349068a90.jpg,2
data\iwildcam_v2.0\extracted\train\96949d0e-21bc-11ea-a13a-137349068a90.jpg,2
data\iwildcam_v2.0\extracted\train\96a16282-21bc-11ea-a13a-137349068a90.jpg,0
data\iwildcam_v2.0\extracted\train\96af3132-21bc-11ea-a13a-137349068a90.jpg,0
data\iwildcam_v2.0\extracted\train\96b5af30-21bc-11ea-a13a-137349068a90.jpg,6
data\iwildcam_v2.0\extracted\train\96c44c5c-21bc-11ea-a13a-137349068a90.jpg,9
data\iwildcam_v2.0\extracted\train\96cb2db0-21bc-11ea-a13a-137349068a90.jpg,0
data\iwildcam_v2.0\extracted\train\96d8ddac-21bc-11ea-a13a-137349068a90.jpg,10
data\iwildcam_v2.0\extracted\train\96dbd7b4-21bc-11ea-a13a-137349068a90.jpg,0
data\iwildcam_v2.0\extracted\train\96ef0abe-21bc-11ea-a13a-137349068a90.jpg,0
data\iwildcam_v2.0\extracted\train\9707a74a-21bc-11ea-a13a-137349068a90.jpg,0
data\iwildcam_v2.0\extracted\train\9708fad2-21bc-11ea-a13a-137349068a90.jpg,0
data\iwildcam_v2.0\extracted\train\970ad726-21bc-11ea-a13a-137349068a90.jpg,0
data\iwildcam_v2.0\extracted\train\970ce75a-21bc-11ea-a13a-137349068a90.jpg,7
data\iwildcam_v2.0\extracted\train\970ea856-21bc-11ea-a13a-137349068a90.jpg,2
data\iwildcam_v2.0\extracted\train\97135b08-21bc-11ea-a13a-137349068a90.jpg,4
data\iwildcam_v2.0\extracted\train\97137624-21bc-11ea-a13a-137349068a90.jpg,0
data\iwildcam_v2.0\extracted\train\971da4fa-21bc-11ea-a13a-137349068a90.jpg,0
data\iwildcam_v2.0\extracted\train\971e9edc-21bc-11ea-a13a-137349068a90.jpg,0
data\iwildcam_v2.0\extracted\train\9733be2a-21bc-11ea-a13a-137349068a90.jpg,2
data\iwildcam_v2.0\extracted\train\97344930-21bc-11ea-a13a-137349068a90.jpg,8
data\iwildcam_v2.0\extracted\train\973b67b0-21bc-11ea-a13a-137349068a90.jpg,9
data\iwildcam_v2.0\extracted\train\9746e298-21bc-11ea-a13a-137349068a90.jpg,0
data\iwildcam_v2.0\extracted\train\97472af0-21bc-11ea-a13a-137349068a90.jpg,0
data\iwildcam_v2.0\extracted\train\974cd018-21bc-11ea-a13a-137349068a90.jpg,0
data\iwildcam_v2.0\extracted\train\975737ec-21bc-11ea-a13a-137349068a90.jpg,0
data\iwildcam_v2.0\extracted\train\9779053e-21bc-11ea-a13a-137349068a90.jpg,10
data\iwildcam_v2.0\extracted\train\977f1cd0-21bc-11ea-a13a-137349068a90.jpg,8
data\iwildcam_v2.0\extracted\train\977fb7f8-21bc-11ea-a13a-137349068a90.jpg,0
data\iwildcam_v2.0\extracted\train\978041dc-21bc-11ea-a13a-137349068a90.jpg,5
data\iwildcam_v2.0\extracted\train\97832082-21bc-11ea-a13a-137349068a90.jpg,4
data\iwildcam_v2.0\extracted\train\978cb8fe-21bc-11ea-a13a-137349068a90.jpg,1
data\iwildcam_v2.0\extracted\train\97950914-21bc-11ea-a13a-137349068a90.jpg,0
data\iwildcam_v2.0\extracted\train\97a95b26-21bc-11ea-a13a-137349068a90.jpg,9
data\iwildcam_v2.0\extracted\train\97b76fea-21bc-11ea-a13a-137349068a90.jpg,2
data\iwildcam_v2.0\extracted\train\97b992f2-21bc-11ea-a13a-137349068a90.jpg,0
data\iwildcam_v2.0\extracted\train\97bb35bc-21bc-11ea-a13a-137349068a90.jpg,0
data\iwildcam_v2.0\extracted\train\97bbe638-21bc-11ea-a13a-137349068a90.jpg,0
data\iwildcam_v2.0\extracted\train\97c38726-21bc-11ea-a13a-137349068a90.jpg,0
data\iwildcam_v2.0\extracted\train\97cde9d2-21bc-11ea-a13a-137349068a90.jpg,0
data\iwildcam_v2.0\extracted\train\97d0f30c-21bc-11ea-a13a-137349068a90.jpg,10
data\iwildcam_v2.0\extracted\train\97d4dcf6-21bc-11ea-a13a-137349068a90.jpg,0
data\iwildcam_v2.0\extracted\train\97ded4f4-21bc-11ea-a13a-137349068a90.jpg,0
data\iwildcam_v2.0\extracted\train\97edaa92-21bc-11ea-a13a-137349068a90.jpg,0
data\iwildcam_v2.0\extracted\train\97f29584-21bc-11ea-a13a-137349068a90.jpg,0
data\iwildcam_v2.0\extracted\train\97f5e126-21bc-11ea-a13a-137349068a90.jpg,0
data\iwildcam_v2.0\extracted\train\97f7c086-21bc-11ea-a13a-137349068a90.jpg,0
data\iwildcam_v2.0\extracted\train\9804aa94-21bc-11ea-a13a-137349068a90.jpg,0
data\iwildcam_v2.0\extracted\train\98088222-21bc-11ea-a13a-137349068a90.jpg,0
data\iwildcam_v2.0\extracted\train\98096dfe-21bc-11ea-a13a-137349068a90.jpg,0
data\iwildcam_v2.0\extracted\train\98132ff6-21bc-11ea-a13a-137349068a90.jpg,0
data\iwildcam_v2.0\extracted\train\981488e2-21bc-11ea-a13a-137349068a90.jpg,0
data\iwildcam_v2.0\extracted\train\982476f8-21bc-11ea-a13a-137349068a90.jpg,0
data\iwildcam_v2.0\extracted\train\9829e282-21bc-11ea-a13a-137349068a90.jpg,0
data\iwildcam_v2.0\extracted\train\9832db12-21bc-11ea-a13a-137349068a90.jpg,0
data\iwildcam_v2.0\extracted\train\9842e93a-21bc-11ea-a13a-137349068a90.jpg,2
data\iwildcam_v2.0\extracted\train\9845b746-21bc-11ea-a13a-137349068a90.jpg,0
data\iwildcam_v2.0\extracted\train\984b8ba8-21bc-11ea-a13a-137349068a90.jpg,0
data\iwildcam_v2.0\extracted\train\984be47c-21bc-11ea-a13a-137349068a90.jpg,0
data\iwildcam_v2.0\extracted\train\984c8288-21bc-11ea-a13a-137349068a90.jpg,7
data\iwildcam_v2.0\extracted\train\985ea18e-21bc-11ea-a13a-137349068a90.jpg,8
data\iwildcam_v2.0\extracted\train\98745812-21bc-11ea-a13a-137349068a90.jpg,0
data\iwildcam_v2.0\extracted\train\987dcce4-21bc-11ea-a13a-137349068a90.jpg,5
data\iwildcam_v2.0\extracted\train\987eca2c-21bc-11ea-a13a-137349068a90.jpg,0
data\iwildcam_v2.0\extracted\train\988347d2-21bc-11ea-a13a-137349068a90.jpg,0
data\iwildcam_v2.0\extracted\train\98871344-21bc-11ea-a13a-137349068a90.jpg,2
data\iwildcam_v2.0\extracted\train\988b92d4-21bc-11ea-a13a-137349068a90.jpg,0
data\iwildcam_v2.0\extracted\train\988d2fcc-21bc-11ea-a13a-137349068a90.jpg,0
data\iwildcam_v2.0\extracted\train\98939498-21bc-11ea-a13a-137349068a90.jpg,0
data\iwildcam_v2.0\extracted\train\989a4040-21bc-11ea-a13a-137349068a90.jpg,9
data\iwildcam_v2.0\extracted\train\98a9f4ae-21bc-11ea-a13a-137349068a90.jpg,0
data\iwildcam_v2.0\extracted\train\98af1240-21bc-11ea-a13a-137349068a90.jpg,0
data\iwildcam_v2.0\extracted\train\98c8a854-21bc-11ea-a13a-137349068a90.jpg,0
data\iwildcam_v2.0\extracted\train\98cd82fc-21bc-11ea-a13a-137349068a90.jpg,0
data\iwildcam_v2.0\extracted\train\98ce90d4-21bc-11ea-a13a-137349068a90.jpg,1
data\iwildcam_v2.0\extracted\train\98d0b8c8-21bc-11ea-a13a-137349068a90.jpg,2
data\iwildcam_v2.0\extracted\train\98d0f57c-21bc-11ea-a13a-137349068a90.jpg,0
data\iwildcam_v2.0\extracted\train\98d1e0cc-21bc-11ea-a13a-137349068a90.jpg,0
data\iwildcam_v2.0\extracted\train\98d2e58a-21bc-11ea-a13a-137349068a90.jpg,0
data\iwildcam_v2.0\extracted\train\98d9ec22-21bc-11ea-a13a-137349068a90.jpg,0
data\iwildcam_v2.0\extracted\train\98da746c-21bc-11ea-a13a-137349068a90.jpg,0
data\iwildcam_v2.0\extracted\train\98e28d46-21bc-11ea-a13a-137349068a90.jpg,0
data\iwildcam_v2.0\extracted\train\98e2e93a-21bc-11ea-a13a-137349068a90.jpg,0
data\iwildcam_v2.0\extracted\train\98e8841c-21bc-11ea-a13a-137349068a90.jpg,0
data\iwildcam_v2.0\extracted\train\98ea0c9c-21bc-11ea-a13a-137349068a90.jpg,0
data\iwildcam_v2.0\extracted\train\98ea9fcc-21bc-11ea-a13a-137349068a90.jpg,0
data\iwildcam_v2.0\extracted\train\98f228c8-21bc-11ea-a13a-137349068a90.jpg,5
data\iwildcam_v2.0\extracted\train\98f487b2-21bc-11ea-a13a-137349068a90.jpg,0
data\iwildcam_v2.0\extracted\train\99010f82-21bc-11ea-a13a-137349068a90.jpg,0
data\iwildcam_v2.0\extracted\train\99032466-21bc-11ea-a13a-137349068a90.jpg,0
data\iwildcam_v2.0\extracted\train\990930ae-21bc-11ea-a13a-137349068a90.jpg,0
data\iwildcam_v2.0\extracted\train\991e10a0-21bc-11ea-a13a-137349068a90.jpg,0
data\iwildcam_v2.0\extracted\train\9938a1fe-21bc-11ea-a13a-137349068a90.jpg,0
data\iwildcam_v2.0\extracted\train\9938c85a-21bc-11ea-a13a-137349068a90.jpg,0
data\iwildcam_v2.0\extracted\train\9944d92e-21bc-11ea-a13a-137349068a90.jpg,0
data\iwildcam_v2.0\extracted\train\994645fc-21bc-11ea-a13a-137349068a90.jpg,0
data\iwildcam_v2.0\extracted\train\995196b4-21bc-11ea-a13a-137349068a90.jpg,4
data\iwildcam_v2.0\extracted\train\99546358-21bc-11ea-a13a-137349068a90.jpg,0
data\iwildcam_v2.0\extracted\train\99566ca2-21bc-11ea-a13a-137349068a90.jpg,1
